SeriouslySurly(us|he/him|seriouslysurly), Freedom_Pulse97(us|he/him|freedom_pulse), chefbahm(ca|he/him|chefbahm)
Sawneyrath11(us|he/they|sawneyrath11), CaptoftheDorks(us|he/him|captofthedorks)
FGKeiji(us|he/him|fgkeiji), Vallnoir(us|he/him|vallnoir)
Koinu93(us|she/her|koinu93), Dyne Nuitari(ca||dynenuitari), zefferss(us||zefferss)
thebroodles(gb|he/him|thebroodles), melle(us|she/her|mel9448), TheGreatJecht(pt|he/him|thegreatjecht), CaptoftheDorks(us|he/him|captofthedorks)
Khaegar(gb|she/her|khaegar_), CrimsonInferno9(gb||crimsoninferno), ChrisTenarium(gb|he/him|christenarium)
PK(us|he/him|pk4787), Possumorpheus(us|he/him|possumorpheus), Ten(us|he/him|te_n_)
ChrisTenarium(gb|he/him|christenarium), Qazplm(us|he/him|qazplm)
Roosta(us|he/him|roostalol), MrZwanzig(nl|he/him|mrzwanzig), Bradley [YW1](gb|he/him|yeswally1)
earinor(at|she/her|earinor), quetzington(us|he/him|quetzington), cyanidesugar(au|she/her|cyanidesugar), soph(|she/her|sophlul)
ChrisTenarium(gb|he/him|christenarium), zer0skar_I(fi||zer0skar_i), Iceblue(us|they/he|iceblue)
KaguyaNicky(de|she/her|kaguyanicky), Woady(us|he/him|woadyb), Madelon(nl|they/she|madelon93)
lionmusashi(us|he/him|lion.musashi), eLmaGus(de|he/him|elmagus), Woady(us|he/him|woadyb)
Alphena(us|they/he|iamalphena), Yidamoda(gb|he/him|yidamoda)
Bradley [YW1](gb|he/him|yeswally1), LogicDolphin(us|he/him|logicdolphin), Roosta(us|he/him|roostalol)
Cwil(ca||zCWiL), RJ(us|he/him|rjthedestroyer), DylWingo(us|he/him|dylwingo), CaptoftheDorks(us|he/him|captofthedorks)
Matty(us|he/him|matty_iceman), melle(us|she/her|mel9448), chokocchi(au|she/her|chokocchi0013)
patorikku13(us|he/him|patorikku13), Avin_Chaos(us|he/him|avin_chaos)
Bdewd(ca|he/him|bdewd), patorikku13(us|he/him|patorikku13), Daspharaoh(pt||daspharaoh)